show_id,type,title,director,cast,country,date_added,release_year,rating,duration,listed_in,description
s2,Movie,Movie/Show 2,Director 4,Actor 6,canada,31-12-2020,2002,R,95 min,Action & Adventure,Description 2
s3,Movie,Movie/Show 3,,Actor 6,united kingdom,,2008,Not Rated,2 Seasons,Comedies,Description 3
s5,TV Show,Movie/Show 5,,,united kingdom,,2007,R,100 min,Dramas,Description 5
s6,Movie,Movie/Show 6,Director 2,Actor 5,unknown,31-12-2020,2001,TV-14,90 min,Dramas,Description 6
s7,Movie,Movie/Show 7,,"Actor 1, Actor 2",india,,2021,TV-14,95 min,Action & Adventure,Description 7
s8,Movie,Movie/Show 8,Director 4,Actor 6,canada,05-03-2018,2006,R,2 Seasons,Documentaries,Description 8
s10,Movie,Movie/Show 10,Director 4,Actor 6,unknown,15-07-2020,2011,PG-13,120 min,Comedies,Description 10
s14,Movie,Movie/Show 14,Director 3,Actor 5,india,,2001,TV-14,120 min,Dramas,Description 14
s16,TV Show,Movie/Show 16,,"Actor 1, Actor 2",canada,,2020,R,95 min,Documentaries,Description 16
s17,Movie,Movie/Show 17,Director 1,"Actor 1, Actor 2",canada,,2010,R,2 Seasons,Dramas,Description 17
s18,Movie,Movie/Show 18,,Actor 5,united kingdom,,2003,TV-14,100 min,Comedies,Description 18
s19,Movie,Movie/Show 19,Director 1,Actor 5,unknown,05-03-2018,2022,TV-14,90 min,Documentaries,Description 19
s20,Movie,Movie/Show 20,Director 2,Actor 5,india,09-09-2019,2016,TV-14,100 min,Horror Movies,Description 20
s21,Movie,Movie/Show 21,Director 2,Actor 6,canada,31-12-2020,2020,TV-MA,90 min,Action & Adventure,Description 21
s24,Movie,Movie/Show 24,Director 2,Actor 3,united kingdom,05-03-2018,2018,Not Rated,120 min,Horror Movies,Description 24
s26,Movie,Movie/Show 26,Director 2,Actor 5,united states,05-03-2018,2018,Not Rated,120 min,Dramas,Description 26
s31,TV Show,Movie/Show 31,Director 4,Actor 6,india,05-03-2018,2011,PG-13,120 min,Comedies,Description 31
s32,Movie,Movie/Show 32,Director 4,Actor 5,unknown,05-03-2018,2018,PG-13,120 min,Action & Adventure,Description 32
s33,TV Show,Movie/Show 33,,"Actor 1, Actor 2",united states,,2020,R,120 min,Documentaries,Description 33
s35,TV Show,Movie/Show 35,Director 3,Actor 6,india,15-07-2020,2016,R,95 min,Horror Movies,Description 35
s36,Movie,Movie/Show 36,Director 1,Actor 5,united kingdom,09-09-2019,2008,Not Rated,2 Seasons,Action & Adventure,Description 36
s37,Movie,Movie/Show 37,Director 2,,canada,09-09-2019,2012,Not Rated,120 min,Horror Movies,Description 37
s39,TV Show,Movie/Show 39,Director 3,"Actor 1, Actor 2",united kingdom,,2016,Not Rated,100 min,Horror Movies,Description 39
s40,TV Show,Movie/Show 40,Director 4,Actor 3,united kingdom,31-12-2020,2012,Not Rated,120 min,Horror Movies,Description 40
s41,TV Show,Movie/Show 41,Director 1,,india,,2011,PG-13,120 min,Dramas,Description 41
s42,Movie,Movie/Show 42,Director 2,Actor 6,canada,15-07-2020,2011,TV-MA,100 min,Dramas,Description 42
s43,Movie,Movie/Show 43,Director 3,"Actor 1, Actor 2",india,15-07-2020,2015,TV-MA,2 Seasons,Documentaries,Description 43
s44,TV Show,Movie/Show 44,,Actor 3,canada,,2015,TV-14,90 min,Dramas,Description 44
s45,Movie,Movie/Show 45,Director 2,"Actor 1, Actor 2",india,31-12-2020,2019,R,90 min,Documentaries,Description 45
s46,Movie,Movie/Show 46,Director 4,Actor 3,united kingdom,09-09-2019,2000,PG-13,2 Seasons,Documentaries,Description 46
s47,TV Show,Movie/Show 47,Director 1,Actor 5,united kingdom,,2016,PG-13,100 min,Action & Adventure,Description 47
s48,Movie,Movie/Show 48,,Actor 5,united states,,2004,R,120 min,Documentaries,Description 48
s49,TV Show,Movie/Show 49,Director 2,Actor 6,united kingdom,,2014,R,2 Seasons,Documentaries,Description 49
s50,TV Show,Movie/Show 50,Director 2,,unknown,31-12-2020,2005,Not Rated,100 min,Documentaries,Description 50
s52,TV Show,Movie/Show 52,Director 2,,unknown,31-12-2020,2002,PG-13,100 min,Dramas,Description 52
s53,Movie,Movie/Show 53,Director 1,Actor 3,united kingdom,05-03-2018,2016,R,100 min,Comedies,Description 53
s55,TV Show,Movie/Show 55,Director 2,Actor 5,unknown,,2008,TV-MA,100 min,Action & Adventure,Description 55
s57,Movie,Movie/Show 57,,Actor 6,unknown,,2004,TV-14,120 min,Documentaries,Description 57
s58,TV Show,Movie/Show 58,,"Actor 1, Actor 2",united states,09-09-2019,2005,Not Rated,120 min,Documentaries,Description 58
s59,Movie,Movie/Show 59,Director 3,,canada,09-09-2019,2005,PG-13,95 min,Comedies,Description 59
s61,TV Show,Movie/Show 61,Director 1,,unknown,09-09-2019,2019,R,95 min,Documentaries,Description 61
s64,TV Show,Movie/Show 64,Director 4,Actor 5,india,15-07-2020,2021,TV-14,95 min,Horror Movies,Description 64
s66,Movie,Movie/Show 66,,Actor 3,india,15-07-2020,2013,TV-MA,2 Seasons,Horror Movies,Description 66
s68,Movie,Movie/Show 68,Director 4,"Actor 1, Actor 2",united states,31-12-2020,2003,R,90 min,Horror Movies,Description 68
s69,Movie,Movie/Show 69,Director 4,Actor 3,unknown,,2015,TV-MA,90 min,Documentaries,Description 69
s71,Movie,Movie/Show 71,,,canada,31-12-2020,2015,TV-14,120 min,Horror Movies,Description 71
s72,TV Show,Movie/Show 72,Director 1,Actor 6,united kingdom,09-09-2019,2015,TV-MA,90 min,Comedies,Description 72
s73,Movie,Movie/Show 73,Director 4,,united states,05-03-2018,2006,TV-MA,2 Seasons,Horror Movies,Description 73
s74,Movie,Movie/Show 74,Director 3,"Actor 1, Actor 2",united states,15-07-2020,2018,R,90 min,Dramas,Description 74
s75,Movie,Movie/Show 75,,Actor 5,united states,31-12-2020,2005,R,120 min,Documentaries,Description 75
s76,TV Show,Movie/Show 76,Director 3,Actor 5,canada,05-03-2018,2020,TV-14,100 min,Action & Adventure,Description 76
s77,TV Show,Movie/Show 77,Director 1,Actor 6,india,,2013,TV-14,95 min,Documentaries,Description 77
s78,TV Show,Movie/Show 78,Director 1,Actor 3,unknown,,2000,TV-MA,100 min,Horror Movies,Description 78
s80,TV Show,Movie/Show 80,,Actor 5,unknown,09-09-2019,2001,Not Rated,95 min,Horror Movies,Description 80
s81,Movie,Movie/Show 81,,Actor 6,unknown,31-12-2020,2004,TV-MA,90 min,Action & Adventure,Description 81
s82,TV Show,Movie/Show 82,Director 1,Actor 3,unknown,15-07-2020,2018,TV-14,90 min,Action & Adventure,Description 82
s83,TV Show,Movie/Show 83,Director 3,"Actor 1, Actor 2",india,05-03-2018,2018,TV-MA,2 Seasons,Action & Adventure,Description 83
s84,Movie,Movie/Show 84,,Actor 3,united kingdom,09-09-2019,2005,R,90 min,Dramas,Description 84
s86,TV Show,Movie/Show 86,Director 2,Actor 6,united kingdom,15-07-2020,2020,TV-MA,2 Seasons,Horror Movies,Description 86
s90,Movie,Movie/Show 90,Director 3,Actor 5,india,15-07-2020,2004,PG-13,90 min,Action & Adventure,Description 90
s93,Movie,Movie/Show 93,Director 4,,united kingdom,31-12-2020,2008,PG-13,95 min,Action & Adventure,Description 93
s96,Movie,Movie/Show 96,Director 4,Actor 5,united kingdom,05-03-2018,2012,TV-14,95 min,Documentaries,Description 96
s97,Movie,Movie/Show 97,Director 3,Actor 3,united states,15-07-2020,2019,TV-14,90 min,Action & Adventure,Description 97
s98,TV Show,Movie/Show 98,Director 4,Actor 3,united states,31-12-2020,2018,Not Rated,95 min,Action & Adventure,Description 98
s99,TV Show,Movie/Show 99,Director 3,Actor 5,india,15-07-2020,2020,Not Rated,100 min,Documentaries,Description 99
s100,TV Show,Movie/Show 100,Director 3,,canada,15-07-2020,2000,Not Rated,100 min,Action & Adventure,Description 100
s104,Movie,Movie/Show 104,Director 4,Actor 3,india,05-03-2018,2006,R,100 min,Comedies,Description 104
s106,TV Show,Movie/Show 106,Director 3,Actor 6,united kingdom,05-03-2018,2019,PG-13,100 min,Horror Movies,Description 106
s107,Movie,Movie/Show 107,Director 4,"Actor 1, Actor 2",canada,31-12-2020,2015,PG-13,100 min,Dramas,Description 107
s108,Movie,Movie/Show 108,,Actor 5,united kingdom,31-12-2020,2015,R,95 min,Dramas,Description 108
s109,Movie,Movie/Show 109,Director 1,,united states,,2005,TV-MA,90 min,Action & Adventure,Description 109
s110,TV Show,Movie/Show 110,Director 4,,united kingdom,15-07-2020,2007,TV-14,100 min,Dramas,Description 110
s111,TV Show,Movie/Show 111,Director 1,Actor 5,united kingdom,09-09-2019,2013,Not Rated,90 min,Action & Adventure,Description 111
s112,TV Show,Movie/Show 112,Director 3,Actor 6,canada,,2019,TV-MA,120 min,Comedies,Description 112
s113,Movie,Movie/Show 113,Director 3,,united states,05-03-2018,2004,Not Rated,120 min,Dramas,Description 113
s114,Movie,Movie/Show 114,Director 3,Actor 3,canada,09-09-2019,2018,TV-14,100 min,Horror Movies,Description 114
s117,TV Show,Movie/Show 117,,"Actor 1, Actor 2",united states,31-12-2020,2021,TV-14,100 min,Documentaries,Description 117
s118,Movie,Movie/Show 118,Director 1,Actor 5,canada,05-03-2018,2016,Not Rated,95 min,Documentaries,Description 118
s120,TV Show,Movie/Show 120,Director 4,Actor 6,india,,2005,PG-13,90 min,Horror Movies,Description 120
s121,TV Show,Movie/Show 121,Director 4,,india,09-09-2019,2021,PG-13,120 min,Documentaries,Description 121
s123,TV Show,Movie/Show 123,Director 2,Actor 6,india,05-03-2018,2014,Not Rated,2 Seasons,Dramas,Description 123
s124,Movie,Movie/Show 124,,,unknown,05-03-2018,2019,PG-13,120 min,Documentaries,Description 124
s125,TV Show,Movie/Show 125,Director 3,"Actor 1, Actor 2",india,09-09-2019,2018,TV-14,95 min,Horror Movies,Description 125
s126,Movie,Movie/Show 126,,Actor 3,canada,05-03-2018,2002,TV-14,120 min,Dramas,Description 126
s127,Movie,Movie/Show 127,Director 4,Actor 5,unknown,09-09-2019,2007,Not Rated,90 min,Action & Adventure,Description 127
s131,TV Show,Movie/Show 131,Director 3,,united kingdom,05-03-2018,2003,Not Rated,95 min,Action & Adventure,Description 131
s134,TV Show,Movie/Show 134,Director 3,,united kingdom,31-12-2020,2016,TV-MA,120 min,Documentaries,Description 134
s136,TV Show,Movie/Show 136,Director 4,Actor 3,united states,31-12-2020,2021,TV-14,90 min,Comedies,Description 136
s137,TV Show,Movie/Show 137,Director 1,Actor 3,unknown,09-09-2019,2013,R,90 min,Action & Adventure,Description 137
s138,Movie,Movie/Show 138,Director 1,Actor 6,india,09-09-2019,2004,Not Rated,90 min,Documentaries,Description 138
s139,Movie,Movie/Show 139,,,united kingdom,05-03-2018,2019,TV-MA,90 min,Horror Movies,Description 139
s141,TV Show,Movie/Show 141,Director 2,"Actor 1, Actor 2",united kingdom,31-12-2020,2005,TV-14,100 min,Comedies,Description 141
s142,Movie,Movie/Show 142,Director 3,,united kingdom,,2015,TV-14,120 min,Horror Movies,Description 142
s143,Movie,Movie/Show 143,,Actor 3,united states,31-12-2020,2019,R,90 min,Action & Adventure,Description 143
s144,Movie,Movie/Show 144,Director 1,Actor 5,india,05-03-2018,2019,R,120 min,Action & Adventure,Description 144
s145,Movie,Movie/Show 145,,Actor 3,india,31-12-2020,2001,PG-13,95 min,Documentaries,Description 145
s147,Movie,Movie/Show 147,Director 1,Actor 5,united states,,2016,R,90 min,Documentaries,Description 147
s149,TV Show,Movie/Show 149,Director 1,Actor 5,united states,15-07-2020,2002,TV-MA,100 min,Horror Movies,Description 149
s151,Movie,Movie/Show 151,Director 1,Actor 5,india,15-07-2020,2021,PG-13,100 min,Action & Adventure,Description 151
s152,TV Show,Movie/Show 152,Director 2,"Actor 1, Actor 2",canada,09-09-2019,2004,R,120 min,Action & Adventure,Description 152
s153,TV Show,Movie/Show 153,Director 4,Actor 5,canada,15-07-2020,2019,Not Rated,2 Seasons,Dramas,Description 153
s155,TV Show,Movie/Show 155,,,united kingdom,31-12-2020,2000,Not Rated,2 Seasons,Horror Movies,Description 155
s157,TV Show,Movie/Show 157,Director 4,Actor 3,canada,05-03-2018,2020,TV-14,120 min,Comedies,Description 157
s159,Movie,Movie/Show 159,Director 4,,unknown,05-03-2018,2016,PG-13,120 min,Dramas,Description 159
s162,Movie,Movie/Show 162,,,united kingdom,05-03-2018,2001,PG-13,95 min,Horror Movies,Description 162
s165,TV Show,Movie/Show 165,Director 2,,unknown,,2013,TV-MA,120 min,Dramas,Description 165
s167,TV Show,Movie/Show 167,,Actor 3,canada,09-09-2019,2015,Not Rated,2 Seasons,Horror Movies,Description 167
s168,Movie,Movie/Show 168,Director 2,,canada,31-12-2020,2012,PG-13,2 Seasons,Documentaries,Description 168
s169,TV Show,Movie/Show 169,Director 1,,united kingdom,05-03-2018,2011,R,100 min,Documentaries,Description 169
s170,TV Show,Movie/Show 170,Director 3,Actor 5,unknown,05-03-2018,2018,TV-MA,100 min,Comedies,Description 170
s171,Movie,Movie/Show 171,Director 4,,india,,2022,R,100 min,Action & Adventure,Description 171
s172,TV Show,Movie/Show 172,Director 3,"Actor 1, Actor 2",canada,09-09-2019,2018,TV-MA,120 min,Dramas,Description 172
s173,Movie,Movie/Show 173,,"Actor 1, Actor 2",unknown,05-03-2018,2003,R,90 min,Action & Adventure,Description 173
s176,TV Show,Movie/Show 176,Director 3,,india,15-07-2020,2008,TV-MA,2 Seasons,Documentaries,Description 176
s178,Movie,Movie/Show 178,,Actor 3,united states,31-12-2020,2007,PG-13,90 min,Action & Adventure,Description 178
s180,Movie,Movie/Show 180,Director 4,Actor 6,canada,15-07-2020,2009,PG-13,100 min,Documentaries,Description 180
s182,TV Show,Movie/Show 182,Director 4,"Actor 1, Actor 2",india,15-07-2020,2017,Not Rated,95 min,Action & Adventure,Description 182
s186,Movie,Movie/Show 186,Director 3,Actor 5,united kingdom,,2000,TV-14,95 min,Horror Movies,Description 186
s187,Movie,Movie/Show 187,,Actor 6,united kingdom,,2022,Not Rated,100 min,Comedies,Description 187
s188,TV Show,Movie/Show 188,,Actor 3,unknown,31-12-2020,2000,PG-13,120 min,Dramas,Description 188
s189,Movie,Movie/Show 189,Director 4,Actor 6,india,,2018,TV-MA,90 min,Horror Movies,Description 189
s192,Movie,Movie/Show 192,Director 2,"Actor 1, Actor 2",united kingdom,,2016,Not Rated,90 min,Documentaries,Description 192
s194,TV Show,Movie/Show 194,,Actor 3,united kingdom,,2012,R,95 min,Documentaries,Description 194
s195,TV Show,Movie/Show 195,Director 4,Actor 6,unknown,,2020,PG-13,95 min,Action & Adventure,Description 195
s196,Movie,Movie/Show 196,Director 2,Actor 6,india,,2006,TV-MA,90 min,Horror Movies,Description 196
s197,Movie,Movie/Show 197,Director 4,Actor 6,unknown,15-07-2020,2022,R,95 min,Horror Movies,Description 197
s198,TV Show,Movie/Show 198,Director 1,Actor 6,india,15-07-2020,2010,PG-13,90 min,Documentaries,Description 198
s199,TV Show,Movie/Show 199,Director 3,Actor 3,united kingdom,09-09-2019,2013,Not Rated,2 Seasons,Horror Movies,Description 199
s200,Movie,Movie/Show 200,Director 4,Actor 5,canada,31-12-2020,2011,R,95 min,Dramas,Description 200
s201,Movie,Movie/Show 201,Director 4,,india,09-09-2019,2003,TV-MA,120 min,Horror Movies,Description 201
s202,Movie,Movie/Show 202,Director 4,Actor 3,india,15-07-2020,2004,TV-14,120 min,Comedies,Description 202
s204,Movie,Movie/Show 204,Director 4,Actor 5,united kingdom,15-07-2020,2020,TV-MA,2 Seasons,Documentaries,Description 204
s205,Movie,Movie/Show 205,Director 1,Actor 5,unknown,15-07-2020,2018,TV-14,100 min,Comedies,Description 205
s207,TV Show,Movie/Show 207,,Actor 3,canada,15-07-2020,2008,R,2 Seasons,Comedies,Description 207
s208,Movie,Movie/Show 208,,Actor 5,united states,05-03-2018,2017,TV-MA,120 min,Action & Adventure,Description 208
s210,Movie,Movie/Show 210,Director 1,,india,,2018,R,90 min,Documentaries,Description 210
s211,Movie,Movie/Show 211,Director 4,"Actor 1, Actor 2",india,05-03-2018,2011,TV-14,100 min,Action & Adventure,Description 211
s213,TV Show,Movie/Show 213,,Actor 3,unknown,,2008,TV-14,100 min,Comedies,Description 213
s215,Movie,Movie/Show 215,Director 1,"Actor 1, Actor 2",united kingdom,15-07-2020,2012,TV-MA,120 min,Action & Adventure,Description 215
s216,TV Show,Movie/Show 216,Director 2,Actor 5,united kingdom,05-03-2018,2006,R,90 min,Action & Adventure,Description 216
s219,TV Show,Movie/Show 219,Director 1,Actor 3,united kingdom,15-07-2020,2017,Not Rated,120 min,Horror Movies,Description 219
s220,Movie,Movie/Show 220,Director 4,"Actor 1, Actor 2",united kingdom,15-07-2020,2015,TV-MA,2 Seasons,Comedies,Description 220
s224,Movie,Movie/Show 224,Director 4,,united states,09-09-2019,2017,TV-14,90 min,Comedies,Description 224
s226,TV Show,Movie/Show 226,Director 3,Actor 3,canada,,2008,TV-MA,95 min,Dramas,Description 226
s227,TV Show,Movie/Show 227,,Actor 3,united states,05-03-2018,2009,TV-MA,120 min,Comedies,Description 227
s230,TV Show,Movie/Show 230,Director 4,Actor 5,unknown,,2022,R,2 Seasons,Documentaries,Description 230
s231,TV Show,Movie/Show 231,,Actor 3,canada,31-12-2020,2012,R,90 min,Horror Movies,Description 231
s233,TV Show,Movie/Show 233,,Actor 6,united kingdom,,2021,TV-14,95 min,Documentaries,Description 233
s234,Movie,Movie/Show 234,Director 1,,unknown,15-07-2020,2003,PG-13,90 min,Dramas,Description 234
s235,Movie,Movie/Show 235,Director 2,Actor 6,united kingdom,05-03-2018,2007,TV-MA,95 min,Comedies,Description 235
s236,Movie,Movie/Show 236,Director 3,Actor 6,unknown,,2014,R,90 min,Comedies,Description 236
s237,Movie,Movie/Show 237,Director 2,Actor 5,unknown,05-03-2018,2022,R,100 min,Action & Adventure,Description 237
s238,TV Show,Movie/Show 238,Director 1,Actor 6,united states,15-07-2020,2005,R,90 min,Comedies,Description 238
s239,Movie,Movie/Show 239,Director 4,"Actor 1, Actor 2",unknown,09-09-2019,2003,R,120 min,Dramas,Description 239
s242,Movie,Movie/Show 242,Director 4,,unknown,15-07-2020,2012,R,2 Seasons,Horror Movies,Description 242
s244,Movie,Movie/Show 244,Director 3,Actor 3,unknown,05-03-2018,2017,R,90 min,Dramas,Description 244
s245,Movie,Movie/Show 245,Director 1,Actor 3,united states,15-07-2020,2019,TV-14,90 min,Documentaries,Description 245
s246,Movie,Movie/Show 246,Director 1,,united kingdom,09-09-2019,2022,TV-MA,120 min,Dramas,Description 246
s249,Movie,Movie/Show 249,Director 3,"Actor 1, Actor 2",united kingdom,05-03-2018,2001,PG-13,95 min,Action & Adventure,Description 249
s250,Movie,Movie/Show 250,Director 3,Actor 5,united states,15-07-2020,2005,PG-13,90 min,Horror Movies,Description 250
s251,Movie,Movie/Show 251,Director 3,Actor 6,india,31-12-2020,2012,R,95 min,Action & Adventure,Description 251
s252,Movie,Movie/Show 252,Director 4,,canada,15-07-2020,2020,TV-14,120 min,Dramas,Description 252
s253,TV Show,Movie/Show 253,Director 2,Actor 6,united states,15-07-2020,2000,PG-13,100 min,Documentaries,Description 253
s254,Movie,Movie/Show 254,Director 2,Actor 5,united kingdom,15-07-2020,2002,TV-MA,120 min,Action & Adventure,Description 254
s256,Movie,Movie/Show 256,Director 4,"Actor 1, Actor 2",canada,15-07-2020,2015,Not Rated,90 min,Documentaries,Description 256
s257,TV Show,Movie/Show 257,,"Actor 1, Actor 2",united states,31-12-2020,2019,Not Rated,2 Seasons,Comedies,Description 257
s259,TV Show,Movie/Show 259,Director 2,Actor 3,united states,31-12-2020,2002,TV-14,95 min,Dramas,Description 259
s260,Movie,Movie/Show 260,Director 2,Actor 5,india,09-09-2019,2002,PG-13,100 min,Horror Movies,Description 260
s262,Movie,Movie/Show 262,,Actor 6,unknown,,2007,PG-13,90 min,Dramas,Description 262
s266,TV Show,Movie/Show 266,Director 4,"Actor 1, Actor 2",india,05-03-2018,2001,R,90 min,Action & Adventure,Description 266
s267,Movie,Movie/Show 267,,,unknown,,2012,TV-14,90 min,Documentaries,Description 267
s268,TV Show,Movie/Show 268,Director 2,,india,09-09-2019,2012,Not Rated,100 min,Dramas,Description 268
s269,TV Show,Movie/Show 269,Director 2,Actor 3,india,31-12-2020,2019,PG-13,95 min,Comedies,Description 269
s270,Movie,Movie/Show 270,Director 4,Actor 5,india,,2020,PG-13,120 min,Horror Movies,Description 270
s271,Movie,Movie/Show 271,Director 3,,united states,15-07-2020,2016,PG-13,95 min,Dramas,Description 271
s272,Movie,Movie/Show 272,Director 4,Actor 5,unknown,31-12-2020,2009,Not Rated,100 min,Action & Adventure,Description 272
s274,TV Show,Movie/Show 274,Director 1,Actor 6,unknown,05-03-2018,2019,PG-13,95 min,Horror Movies,Description 274
s275,TV Show,Movie/Show 275,Director 4,,canada,05-03-2018,2001,PG-13,120 min,Documentaries,Description 275
s276,TV Show,Movie/Show 276,Director 3,Actor 6,unknown,05-03-2018,2005,R,95 min,Comedies,Description 276
s277,TV Show,Movie/Show 277,,,unknown,15-07-2020,2020,Not Rated,2 Seasons,Documentaries,Description 277
s278,TV Show,Movie/Show 278,Director 2,Actor 5,india,31-12-2020,2015,PG-13,90 min,Comedies,Description 278
s280,Movie,Movie/Show 280,Director 4,,canada,31-12-2020,2000,PG-13,90 min,Dramas,Description 280
s284,Movie,Movie/Show 284,Director 4,Actor 6,unknown,09-09-2019,2009,TV-MA,90 min,Documentaries,Description 284
s285,Movie,Movie/Show 285,Director 3,Actor 5,united states,31-12-2020,2006,Not Rated,120 min,Documentaries,Description 285
s286,TV Show,Movie/Show 286,Director 4,Actor 5,india,15-07-2020,2001,Not Rated,90 min,Action & Adventure,Description 286
s288,TV Show,Movie/Show 288,Director 2,Actor 5,united states,15-07-2020,2016,PG-13,90 min,Dramas,Description 288
s289,Movie,Movie/Show 289,Director 4,Actor 3,canada,09-09-2019,2016,R,95 min,Documentaries,Description 289
s290,Movie,Movie/Show 290,Director 4,Actor 3,india,09-09-2019,2022,PG-13,90 min,Horror Movies,Description 290
s291,Movie,Movie/Show 291,Director 1,,india,31-12-2020,2007,TV-MA,2 Seasons,Action & Adventure,Description 291
s292,Movie,Movie/Show 292,Director 2,,india,15-07-2020,2019,R,100 min,Dramas,Description 292
s294,TV Show,Movie/Show 294,,,canada,05-03-2018,2021,TV-14,120 min,Horror Movies,Description 294
s295,Movie,Movie/Show 295,Director 3,"Actor 1, Actor 2",india,,2001,R,95 min,Documentaries,Description 295
s296,TV Show,Movie/Show 296,,"Actor 1, Actor 2",united kingdom,05-03-2018,2011,TV-14,95 min,Documentaries,Description 296
s297,Movie,Movie/Show 297,Director 3,"Actor 1, Actor 2",united kingdom,31-12-2020,2007,R,95 min,Comedies,Description 297
s298,TV Show,Movie/Show 298,Director 3,Actor 3,india,09-09-2019,2020,PG-13,100 min,Action & Adventure,Description 298
s299,TV Show,Movie/Show 299,Director 1,Actor 5,unknown,05-03-2018,2000,PG-13,2 Seasons,Comedies,Description 299
s300,Movie,Movie/Show 300,Director 4,Actor 6,canada,,2005,TV-MA,120 min,Action & Adventure,Description 300
s301,Movie,Movie/Show 301,Director 3,,united kingdom,31-12-2020,2002,PG-13,120 min,Documentaries,Description 301
s302,TV Show,Movie/Show 302,Director 1,Actor 6,united kingdom,31-12-2020,2008,PG-13,95 min,Action & Adventure,Description 302
s304,Movie,Movie/Show 304,Director 1,,united states,31-12-2020,2011,Not Rated,2 Seasons,Dramas,Description 304
s305,Movie,Movie/Show 305,,,united states,31-12-2020,2021,Not Rated,90 min,Horror Movies,Description 305
s308,Movie,Movie/Show 308,Director 2,,canada,09-09-2019,2018,Not Rated,120 min,Comedies,Description 308
s309,Movie,Movie/Show 309,,Actor 5,canada,,2006,Not Rated,2 Seasons,Action & Adventure,Description 309
s310,Movie,Movie/Show 310,Director 3,Actor 3,united kingdom,05-03-2018,2016,PG-13,90 min,Horror Movies,Description 310
s311,Movie,Movie/Show 311,Director 2,Actor 6,united kingdom,15-07-2020,2000,Not Rated,100 min,Documentaries,Description 311
s312,TV Show,Movie/Show 312,Director 2,,canada,09-09-2019,2022,PG-13,100 min,Action & Adventure,Description 312
s313,TV Show,Movie/Show 313,,Actor 5,unknown,15-07-2020,2002,PG-13,120 min,Action & Adventure,Description 313
s314,TV Show,Movie/Show 314,Director 3,,united states,,2002,TV-MA,90 min,Dramas,Description 314
s315,Movie,Movie/Show 315,Director 2,Actor 5,united states,05-03-2018,2017,R,2 Seasons,Horror Movies,Description 315
s316,TV Show,Movie/Show 316,Director 1,,united kingdom,09-09-2019,2009,TV-MA,95 min,Comedies,Description 316
s317,Movie,Movie/Show 317,Director 1,,canada,09-09-2019,2017,TV-14,95 min,Documentaries,Description 317
s318,Movie,Movie/Show 318,Director 3,,united states,05-03-2018,2018,PG-13,90 min,Documentaries,Description 318
s319,TV Show,Movie/Show 319,Director 4,Actor 6,unknown,05-03-2018,2011,Not Rated,2 Seasons,Dramas,Description 319
s320,Movie,Movie/Show 320,Director 1,,united kingdom,15-07-2020,2011,Not Rated,90 min,Documentaries,Description 320
s321,TV Show,Movie/Show 321,,Actor 5,india,15-07-2020,2008,TV-14,2 Seasons,Action & Adventure,Description 321
s322,TV Show,Movie/Show 322,Director 3,Actor 6,united kingdom,05-03-2018,2007,R,100 min,Action & Adventure,Description 322
s323,TV Show,Movie/Show 323,Director 2,"Actor 1, Actor 2",india,09-09-2019,2019,PG-13,2 Seasons,Dramas,Description 323
s324,TV Show,Movie/Show 324,Director 1,Actor 5,united kingdom,31-12-2020,2006,TV-14,2 Seasons,Comedies,Description 324
s325,TV Show,Movie/Show 325,Director 3,Actor 5,canada,,2014,TV-14,95 min,Action & Adventure,Description 325
s331,TV Show,Movie/Show 331,,,india,15-07-2020,2013,TV-MA,90 min,Dramas,Description 331
s332,Movie,Movie/Show 332,Director 3,Actor 6,unknown,15-07-2020,2016,TV-14,95 min,Action & Adventure,Description 332
s333,Movie,Movie/Show 333,,Actor 5,united kingdom,31-12-2020,2003,TV-MA,120 min,Dramas,Description 333
s334,TV Show,Movie/Show 334,,,canada,,2017,R,120 min,Documentaries,Description 334
s335,Movie,Movie/Show 335,Director 3,,united states,,2002,TV-14,95 min,Documentaries,Description 335
s336,Movie,Movie/Show 336,Director 2,Actor 3,united states,,2016,PG-13,95 min,Documentaries,Description 336
s340,Movie,Movie/Show 340,Director 3,Actor 3,united states,15-07-2020,2016,PG-13,100 min,Comedies,Description 340
s342,TV Show,Movie/Show 342,Director 4,,united kingdom,15-07-2020,2017,Not Rated,120 min,Horror Movies,Description 342
s343,Movie,Movie/Show 343,Director 1,Actor 6,united kingdom,05-03-2018,2018,TV-14,100 min,Dramas,Description 343
s344,Movie,Movie/Show 344,Director 2,Actor 3,united states,05-03-2018,2008,R,100 min,Action & Adventure,Description 344
s346,TV Show,Movie/Show 346,Director 4,"Actor 1, Actor 2",india,09-09-2019,2014,PG-13,120 min,Horror Movies,Description 346
s349,Movie,Movie/Show 349,Director 1,Actor 3,india,05-03-2018,2015,TV-MA,90 min,Documentaries,Description 349
s350,Movie,Movie/Show 350,Director 4,"Actor 1, Actor 2",canada,05-03-2018,2007,Not Rated,2 Seasons,Dramas,Description 350
s352,Movie,Movie/Show 352,Director 3,Actor 5,canada,,2014,R,95 min,Comedies,Description 352
s353,Movie,Movie/Show 353,,Actor 6,canada,,2021,TV-14,90 min,Documentaries,Description 353
s354,Movie,Movie/Show 354,Director 1,Actor 3,united states,05-03-2018,2014,Not Rated,120 min,Comedies,Description 354
s356,Movie,Movie/Show 356,Director 3,Actor 3,india,15-07-2020,2000,Not Rated,90 min,Documentaries,Description 356
s358,Movie,Movie/Show 358,,,united kingdom,31-12-2020,2003,Not Rated,95 min,Action & Adventure,Description 358
s359,TV Show,Movie/Show 359,Director 4,,canada,15-07-2020,2008,TV-MA,120 min,Action & Adventure,Description 359
s360,Movie,Movie/Show 360,Director 3,Actor 6,india,,2002,Not Rated,2 Seasons,Horror Movies,Description 360
s362,Movie,Movie/Show 362,Director 2,Actor 3,united states,09-09-2019,2020,TV-14,100 min,Dramas,Description 362
s365,Movie,Movie/Show 365,,,india,09-09-2019,2022,PG-13,100 min,Horror Movies,Description 365
s367,Movie,Movie/Show 367,Director 3,Actor 6,united states,09-09-2019,2010,Not Rated,90 min,Horror Movies,Description 367
s368,TV Show,Movie/Show 368,,,india,09-09-2019,2013,TV-14,100 min,Documentaries,Description 368
s373,TV Show,Movie/Show 373,Director 4,,united states,,2022,TV-MA,95 min,Action & Adventure,Description 373
s374,TV Show,Movie/Show 374,Director 1,Actor 5,united states,15-07-2020,2008,PG-13,120 min,Comedies,Description 374
s375,Movie,Movie/Show 375,Director 2,,canada,31-12-2020,2007,R,95 min,Horror Movies,Description 375
s378,TV Show,Movie/Show 378,Director 3,,india,09-09-2019,2012,R,2 Seasons,Comedies,Description 378
s379,Movie,Movie/Show 379,Director 4,Actor 6,united kingdom,15-07-2020,2021,R,120 min,Dramas,Description 379
s380,TV Show,Movie/Show 380,Director 1,Actor 3,united states,31-12-2020,2010,TV-14,90 min,Documentaries,Description 380
s381,TV Show,Movie/Show 381,Director 1,Actor 3,india,09-09-2019,2002,PG-13,120 min,Action & Adventure,Description 381
s382,Movie,Movie/Show 382,Director 2,Actor 5,united kingdom,,2017,TV-14,95 min,Comedies,Description 382
s385,TV Show,Movie/Show 385,Director 4,Actor 3,united states,,2010,TV-MA,120 min,Horror Movies,Description 385
s386,TV Show,Movie/Show 386,Director 4,Actor 5,canada,05-03-2018,2011,Not Rated,95 min,Comedies,Description 386
s387,TV Show,Movie/Show 387,Director 3,Actor 5,canada,31-12-2020,2006,PG-13,120 min,Dramas,Description 387
s388,Movie,Movie/Show 388,,Actor 3,canada,09-09-2019,2018,TV-14,100 min,Dramas,Description 388
s389,Movie,Movie/Show 389,Director 4,Actor 6,india,,2008,TV-14,95 min,Horror Movies,Description 389
s390,TV Show,Movie/Show 390,,Actor 5,united kingdom,,2005,TV-MA,120 min,Horror Movies,Description 390
s393,Movie,Movie/Show 393,Director 1,,united states,09-09-2019,2015,PG-13,100 min,Documentaries,Description 393
s394,Movie,Movie/Show 394,Director 4,Actor 5,unknown,09-09-2019,2006,Not Rated,95 min,Comedies,Description 394
s396,Movie,Movie/Show 396,Director 4,"Actor 1, Actor 2",united states,05-03-2018,2007,PG-13,95 min,Comedies,Description 396
s398,TV Show,Movie/Show 398,Director 1,,india,05-03-2018,2006,TV-14,2 Seasons,Documentaries,Description 398
s399,Movie,Movie/Show 399,Director 3,Actor 6,united kingdom,15-07-2020,2007,R,90 min,Horror Movies,Description 399
s400,TV Show,Movie/Show 400,Director 2,Actor 6,canada,,2006,TV-14,100 min,Documentaries,Description 400
s401,Movie,Movie/Show 401,Director 4,Actor 5,india,05-03-2018,2007,TV-MA,95 min,Horror Movies,Description 401
s402,Movie,Movie/Show 402,Director 4,Actor 3,india,15-07-2020,2019,PG-13,90 min,Action & Adventure,Description 402
s403,TV Show,Movie/Show 403,Director 2,Actor 5,united kingdom,31-12-2020,2011,TV-14,120 min,Comedies,Description 403
s404,TV Show,Movie/Show 404,Director 3,"Actor 1, Actor 2",unknown,15-07-2020,2004,Not Rated,120 min,Dramas,Description 404
s405,Movie,Movie/Show 405,Director 1,Actor 5,united kingdom,05-03-2018,2003,PG-13,120 min,Action & Adventure,Description 405
s406,TV Show,Movie/Show 406,Director 3,"Actor 1, Actor 2",india,09-09-2019,2003,TV-14,95 min,Comedies,Description 406
s409,TV Show,Movie/Show 409,Director 1,Actor 5,india,05-03-2018,2021,R,100 min,Dramas,Description 409
s413,Movie,Movie/Show 413,Director 1,,canada,09-09-2019,2017,TV-MA,95 min,Documentaries,Description 413
s416,TV Show,Movie/Show 416,Director 2,Actor 5,india,09-09-2019,2011,TV-MA,95 min,Comedies,Description 416
s418,Movie,Movie/Show 418,Director 1,"Actor 1, Actor 2",canada,31-12-2020,2010,TV-14,120 min,Action & Adventure,Description 418
s419,Movie,Movie/Show 419,Director 1,,united states,05-03-2018,2015,Not Rated,2 Seasons,Action & Adventure,Description 419
s420,TV Show,Movie/Show 420,Director 3,,india,09-09-2019,2018,Not Rated,120 min,Documentaries,Description 420
s421,Movie,Movie/Show 421,Director 2,Actor 3,unknown,,2008,PG-13,95 min,Documentaries,Description 421
s422,Movie,Movie/Show 422,Director 2,Actor 3,unknown,09-09-2019,2015,TV-14,2 Seasons,Comedies,Description 422
s425,Movie,Movie/Show 425,Director 1,Actor 3,canada,05-03-2018,2008,TV-MA,100 min,Horror Movies,Description 425
s426,TV Show,Movie/Show 426,,Actor 3,united states,31-12-2020,2012,PG-13,90 min,Comedies,Description 426
s427,TV Show,Movie/Show 427,Director 2,"Actor 1, Actor 2",canada,15-07-2020,2007,R,120 min,Action & Adventure,Description 427
s429,Movie,Movie/Show 429,Director 2,Actor 6,unknown,31-12-2020,2004,PG-13,95 min,Documentaries,Description 429
s431,TV Show,Movie/Show 431,Director 3,Actor 6,unknown,09-09-2019,2016,PG-13,120 min,Documentaries,Description 431
s432,Movie,Movie/Show 432,Director 2,"Actor 1, Actor 2",india,05-03-2018,2013,PG-13,2 Seasons,Comedies,Description 432
s435,TV Show,Movie/Show 435,Director 3,,united states,15-07-2020,2001,R,95 min,Action & Adventure,Description 435
s437,TV Show,Movie/Show 437,Director 2,Actor 6,united kingdom,31-12-2020,2011,TV-14,90 min,Horror Movies,Description 437
s438,TV Show,Movie/Show 438,,Actor 6,united kingdom,09-09-2019,2012,R,120 min,Documentaries,Description 438
s439,Movie,Movie/Show 439,Director 3,Actor 6,united states,09-09-2019,2021,PG-13,90 min,Comedies,Description 439
s440,Movie,Movie/Show 440,Director 2,Actor 3,india,09-09-2019,2005,TV-MA,90 min,Action & Adventure,Description 440
s442,TV Show,Movie/Show 442,Director 1,Actor 5,unknown,05-03-2018,2003,PG-13,2 Seasons,Documentaries,Description 442
s443,TV Show,Movie/Show 443,Director 2,Actor 5,united states,05-03-2018,2022,TV-MA,90 min,Dramas,Description 443
s444,Movie,Movie/Show 444,Director 1,"Actor 1, Actor 2",unknown,15-07-2020,2016,Not Rated,120 min,Dramas,Description 444
s445,Movie,Movie/Show 445,Director 3,"Actor 1, Actor 2",united states,15-07-2020,2014,R,2 Seasons,Documentaries,Description 445
s446,TV Show,Movie/Show 446,Director 2,,canada,31-12-2020,2010,TV-MA,120 min,Comedies,Description 446
s447,Movie,Movie/Show 447,,Actor 3,canada,,2022,TV-14,120 min,Action & Adventure,Description 447
s449,TV Show,Movie/Show 449,Director 1,"Actor 1, Actor 2",united kingdom,09-09-2019,2000,TV-14,120 min,Comedies,Description 449
s450,Movie,Movie/Show 450,Director 2,Actor 3,unknown,15-07-2020,2021,Not Rated,120 min,Documentaries,Description 450
s452,TV Show,Movie/Show 452,Director 1,Actor 3,canada,05-03-2018,2012,Not Rated,90 min,Horror Movies,Description 452
s455,TV Show,Movie/Show 455,,Actor 6,united kingdom,31-12-2020,2010,PG-13,120 min,Dramas,Description 455
s457,Movie,Movie/Show 457,Director 1,Actor 5,united states,15-07-2020,2019,TV-14,95 min,Dramas,Description 457
s458,Movie,Movie/Show 458,Director 4,"Actor 1, Actor 2",unknown,31-12-2020,2008,TV-14,100 min,Dramas,Description 458
s459,Movie,Movie/Show 459,Director 4,"Actor 1, Actor 2",united states,31-12-2020,2005,TV-14,100 min,Action & Adventure,Description 459
s461,Movie,Movie/Show 461,,,canada,05-03-2018,2008,TV-MA,90 min,Documentaries,Description 461
s463,Movie,Movie/Show 463,Director 1,"Actor 1, Actor 2",united states,05-03-2018,2008,Not Rated,120 min,Horror Movies,Description 463
s464,TV Show,Movie/Show 464,Director 4,Actor 5,united states,09-09-2019,2015,TV-MA,100 min,Horror Movies,Description 464
s467,Movie,Movie/Show 467,,,canada,31-12-2020,2011,R,2 Seasons,Action & Adventure,Description 467
s468,TV Show,Movie/Show 468,Director 1,,unknown,,2005,Not Rated,2 Seasons,Horror Movies,Description 468
s469,Movie,Movie/Show 469,,Actor 6,united kingdom,31-12-2020,2015,Not Rated,90 min,Horror Movies,Description 469
s470,Movie,Movie/Show 470,Director 3,Actor 3,united kingdom,,2013,PG-13,120 min,Documentaries,Description 470
s471,TV Show,Movie/Show 471,Director 4,,united kingdom,31-12-2020,2006,TV-MA,120 min,Action & Adventure,Description 471
s472,TV Show,Movie/Show 472,Director 1,Actor 6,united states,05-03-2018,2013,PG-13,95 min,Documentaries,Description 472
s473,Movie,Movie/Show 473,Director 1,Actor 5,unknown,,2022,PG-13,120 min,Action & Adventure,Description 473
s474,TV Show,Movie/Show 474,Director 4,Actor 3,unknown,31-12-2020,2011,TV-MA,95 min,Comedies,Description 474
s475,Movie,Movie/Show 475,Director 4,"Actor 1, Actor 2",unknown,15-07-2020,2011,R,100 min,Horror Movies,Description 475
s477,Movie,Movie/Show 477,Director 1,Actor 3,canada,09-09-2019,2008,PG-13,90 min,Horror Movies,Description 477
s479,Movie,Movie/Show 479,Director 4,Actor 5,canada,31-12-2020,2005,Not Rated,120 min,Action & Adventure,Description 479
s480,TV Show,Movie/Show 480,Director 1,Actor 3,united states,31-12-2020,2018,Not Rated,100 min,Comedies,Description 480
s482,TV Show,Movie/Show 482,Director 3,Actor 5,india,31-12-2020,2018,R,90 min,Documentaries,Description 482
s485,Movie,Movie/Show 485,Director 1,Actor 3,canada,09-09-2019,2003,TV-MA,100 min,Comedies,Description 485
s486,Movie,Movie/Show 486,Director 2,Actor 3,united kingdom,15-07-2020,2008,TV-14,2 Seasons,Dramas,Description 486
s487,Movie,Movie/Show 487,Director 3,,unknown,15-07-2020,2007,PG-13,2 Seasons,Action & Adventure,Description 487
s488,Movie,Movie/Show 488,,Actor 6,united states,09-09-2019,2017,PG-13,2 Seasons,Horror Movies,Description 488
s489,TV Show,Movie/Show 489,,Actor 6,canada,,2013,R,95 min,Documentaries,Description 489
s490,Movie,Movie/Show 490,,,united kingdom,,2012,Not Rated,90 min,Comedies,Description 490
s491,Movie,Movie/Show 491,Director 3,Actor 5,india,,2006,Not Rated,2 Seasons,Action & Adventure,Description 491
s493,TV Show,Movie/Show 493,,Actor 6,india,15-07-2020,2004,Not Rated,90 min,Action & Adventure,Description 493
s494,TV Show,Movie/Show 494,,"Actor 1, Actor 2",united states,,2015,PG-13,2 Seasons,Dramas,Description 494
s497,Movie,Movie/Show 497,,Actor 6,united kingdom,09-09-2019,2013,R,90 min,Action & Adventure,Description 497
s498,TV Show,Movie/Show 498,,Actor 5,unknown,31-12-2020,2015,TV-MA,120 min,Action & Adventure,Description 498
s499,Movie,Movie/Show 499,Director 4,Actor 3,unknown,05-03-2018,2004,TV-MA,100 min,Documentaries,Description 499
s501,Movie,Movie/Show 501,Director 1,Actor 5,canada,15-07-2020,2016,R,2 Seasons,Action & Adventure,Description 501
s502,TV Show,Movie/Show 502,,Actor 6,india,31-12-2020,2017,R,90 min,Horror Movies,Description 502
s503,Movie,Movie/Show 503,Director 2,Actor 3,united states,05-03-2018,2010,TV-14,100 min,Action & Adventure,Description 503
s504,TV Show,Movie/Show 504,Director 4,Actor 6,united states,,2015,TV-MA,100 min,Horror Movies,Description 504
s505,Movie,Movie/Show 505,Director 4,Actor 5,india,,2009,TV-14,95 min,Action & Adventure,Description 505
s506,Movie,Movie/Show 506,Director 2,Actor 5,united states,09-09-2019,2008,Not Rated,2 Seasons,Documentaries,Description 506
s507,TV Show,Movie/Show 507,Director 4,Actor 5,india,09-09-2019,2017,TV-MA,90 min,Comedies,Description 507
s508,TV Show,Movie/Show 508,Director 3,,united kingdom,05-03-2018,2018,R,2 Seasons,Action & Adventure,Description 508
s509,TV Show,Movie/Show 509,Director 4,,canada,,2001,TV-14,95 min,Documentaries,Description 509
s510,Movie,Movie/Show 510,Director 4,"Actor 1, Actor 2",unknown,31-12-2020,2012,PG-13,95 min,Comedies,Description 510
s511,Movie,Movie/Show 511,Director 4,Actor 5,unknown,31-12-2020,2003,TV-MA,100 min,Horror Movies,Description 511
s512,Movie,Movie/Show 512,Director 1,Actor 5,canada,05-03-2018,2022,R,95 min,Documentaries,Description 512
s514,Movie,Movie/Show 514,Director 4,"Actor 1, Actor 2",canada,31-12-2020,2001,Not Rated,90 min,Comedies,Description 514
s515,TV Show,Movie/Show 515,Director 3,"Actor 1, Actor 2",india,15-07-2020,2006,TV-14,120 min,Comedies,Description 515
s516,TV Show,Movie/Show 516,Director 3,Actor 6,canada,05-03-2018,2008,Not Rated,2 Seasons,Dramas,Description 516
s517,TV Show,Movie/Show 517,Director 3,Actor 5,united states,15-07-2020,2015,PG-13,95 min,Comedies,Description 517
s518,Movie,Movie/Show 518,Director 2,Actor 3,united states,15-07-2020,2020,PG-13,95 min,Comedies,Description 518
s519,TV Show,Movie/Show 519,Director 4,Actor 6,canada,09-09-2019,2003,Not Rated,100 min,Dramas,Description 519
s520,TV Show,Movie/Show 520,Director 1,,united kingdom,,2014,TV-MA,100 min,Documentaries,Description 520
s523,TV Show,Movie/Show 523,Director 1,Actor 5,united states,31-12-2020,2011,Not Rated,120 min,Documentaries,Description 523
s526,TV Show,Movie/Show 526,Director 3,Actor 3,united states,09-09-2019,2017,Not Rated,90 min,Documentaries,Description 526
s527,Movie,Movie/Show 527,Director 2,Actor 3,united kingdom,31-12-2020,2008,R,100 min,Dramas,Description 527
s528,Movie,Movie/Show 528,,Actor 3,united kingdom,31-12-2020,2011,TV-14,100 min,Documentaries,Description 528
s529,TV Show,Movie/Show 529,Director 1,Actor 6,unknown,,2000,Not Rated,120 min,Action & Adventure,Description 529
s530,Movie,Movie/Show 530,,Actor 3,canada,31-12-2020,2013,R,120 min,Horror Movies,Description 530
s532,TV Show,Movie/Show 532,,,united kingdom,31-12-2020,2011,Not Rated,2 Seasons,Documentaries,Description 532
s533,Movie,Movie/Show 533,Director 3,Actor 5,unknown,31-12-2020,2021,Not Rated,90 min,Documentaries,Description 533
s534,Movie,Movie/Show 534,Director 1,Actor 6,india,15-07-2020,2019,Not Rated,120 min,Dramas,Description 534
s536,TV Show,Movie/Show 536,Director 3,Actor 6,india,31-12-2020,2018,PG-13,2 Seasons,Dramas,Description 536
s537,TV Show,Movie/Show 537,Director 4,,canada,09-09-2019,2018,Not Rated,100 min,Action & Adventure,Description 537
s539,TV Show,Movie/Show 539,Director 3,Actor 3,unknown,31-12-2020,2020,TV-14,2 Seasons,Comedies,Description 539
s540,TV Show,Movie/Show 540,,,united states,31-12-2020,2017,Not Rated,100 min,Action & Adventure,Description 540
s543,Movie,Movie/Show 543,Director 1,Actor 6,united states,,2011,PG-13,120 min,Horror Movies,Description 543
s544,TV Show,Movie/Show 544,,,united states,09-09-2019,2010,Not Rated,90 min,Action & Adventure,Description 544
s546,Movie,Movie/Show 546,Director 2,"Actor 1, Actor 2",india,,2016,R,120 min,Horror Movies,Description 546
s547,TV Show,Movie/Show 547,Director 2,,united states,,2015,PG-13,95 min,Comedies,Description 547
s548,Movie,Movie/Show 548,Director 4,"Actor 1, Actor 2",united kingdom,15-07-2020,2014,TV-MA,100 min,Horror Movies,Description 548
s550,TV Show,Movie/Show 550,Director 1,,united kingdom,,2012,TV-MA,90 min,Horror Movies,Description 550
s551,Movie,Movie/Show 551,Director 3,,india,05-03-2018,2019,TV-14,95 min,Horror Movies,Description 551
s559,Movie,Movie/Show 559,,Actor 6,united kingdom,,2013,R,90 min,Dramas,Description 559
s560,TV Show,Movie/Show 560,,"Actor 1, Actor 2",canada,,2020,Not Rated,100 min,Action & Adventure,Description 560
s561,TV Show,Movie/Show 561,,Actor 3,canada,,2019,PG-13,120 min,Dramas,Description 561
s562,Movie,Movie/Show 562,,,united states,31-12-2020,2018,TV-MA,2 Seasons,Documentaries,Description 562
s564,TV Show,Movie/Show 564,,"Actor 1, Actor 2",canada,31-12-2020,2002,R,120 min,Horror Movies,Description 564
s566,TV Show,Movie/Show 566,Director 1,Actor 6,unknown,09-09-2019,2005,TV-MA,120 min,Action & Adventure,Description 566
s568,Movie,Movie/Show 568,Director 3,Actor 6,india,09-09-2019,2007,R,90 min,Dramas,Description 568
s570,TV Show,Movie/Show 570,Director 3,,unknown,15-07-2020,2010,Not Rated,95 min,Documentaries,Description 570
s572,TV Show,Movie/Show 572,Director 1,Actor 6,united kingdom,,2009,TV-MA,90 min,Documentaries,Description 572
s574,TV Show,Movie/Show 574,Director 2,"Actor 1, Actor 2",united kingdom,15-07-2020,2008,R,2 Seasons,Horror Movies,Description 574
s575,TV Show,Movie/Show 575,,,canada,09-09-2019,2019,R,100 min,Dramas,Description 575
s576,TV Show,Movie/Show 576,Director 4,Actor 6,canada,09-09-2019,2020,TV-14,120 min,Action & Adventure,Description 576
s578,TV Show,Movie/Show 578,Director 2,"Actor 1, Actor 2",united states,31-12-2020,2008,Not Rated,100 min,Horror Movies,Description 578
s580,Movie,Movie/Show 580,Director 1,Actor 5,united kingdom,31-12-2020,2011,PG-13,120 min,Action & Adventure,Description 580
s581,Movie,Movie/Show 581,,"Actor 1, Actor 2",united states,09-09-2019,2018,PG-13,2 Seasons,Horror Movies,Description 581
s582,TV Show,Movie/Show 582,Director 2,Actor 3,canada,15-07-2020,2016,R,2 Seasons,Comedies,Description 582
s584,TV Show,Movie/Show 584,Director 4,"Actor 1, Actor 2",canada,05-03-2018,2013,TV-14,120 min,Dramas,Description 584
s587,Movie,Movie/Show 587,Director 2,Actor 5,unknown,31-12-2020,2000,PG-13,2 Seasons,Dramas,Description 587
s590,TV Show,Movie/Show 590,Director 3,"Actor 1, Actor 2",canada,05-03-2018,2021,TV-14,95 min,Horror Movies,Description 590
s591,TV Show,Movie/Show 591,,"Actor 1, Actor 2",unknown,15-07-2020,2008,Not Rated,100 min,Documentaries,Description 591
s593,Movie,Movie/Show 593,Director 1,"Actor 1, Actor 2",india,31-12-2020,2002,TV-14,120 min,Documentaries,Description 593
s594,TV Show,Movie/Show 594,Director 1,Actor 5,unknown,09-09-2019,2006,TV-14,100 min,Action & Adventure,Description 594
s595,TV Show,Movie/Show 595,Director 2,Actor 6,india,,2005,TV-MA,100 min,Comedies,Description 595
s596,Movie,Movie/Show 596,Director 2,Actor 3,india,09-09-2019,2012,Not Rated,90 min,Comedies,Description 596
s597,TV Show,Movie/Show 597,,Actor 3,united states,31-12-2020,2003,R,95 min,Documentaries,Description 597
s601,TV Show,Movie/Show 601,Director 4,Actor 6,unknown,05-03-2018,2017,Not Rated,95 min,Comedies,Description 601
s602,TV Show,Movie/Show 602,Director 4,Actor 6,canada,31-12-2020,2001,TV-MA,2 Seasons,Documentaries,Description 602
s603,TV Show,Movie/Show 603,Director 4,Actor 6,united states,09-09-2019,2000,PG-13,95 min,Documentaries,Description 603
s604,TV Show,Movie/Show 604,,"Actor 1, Actor 2",canada,,2012,Not Rated,2 Seasons,Action & Adventure,Description 604
s606,Movie,Movie/Show 606,Director 4,Actor 3,united kingdom,,2002,R,95 min,Dramas,Description 606
s608,TV Show,Movie/Show 608,Director 2,"Actor 1, Actor 2",united states,,2008,PG-13,95 min,Documentaries,Description 608
s610,Movie,Movie/Show 610,Director 1,,unknown,,2004,TV-MA,95 min,Action & Adventure,Description 610
s612,Movie,Movie/Show 612,Director 4,,united kingdom,,2020,TV-14,90 min,Comedies,Description 612
s613,TV Show,Movie/Show 613,Director 1,Actor 3,united kingdom,05-03-2018,2012,Not Rated,100 min,Action & Adventure,Description 613
s618,TV Show,Movie/Show 618,Director 3,Actor 6,united states,,2014,PG-13,100 min,Documentaries,Description 618
s619,Movie,Movie/Show 619,Director 1,,india,15-07-2020,2020,Not Rated,95 min,Documentaries,Description 619
s620,Movie,Movie/Show 620,Director 2,Actor 6,unknown,,2004,TV-MA,95 min,Documentaries,Description 620
s622,TV Show,Movie/Show 622,,Actor 6,canada,31-12-2020,2016,R,90 min,Action & Adventure,Description 622
s623,Movie,Movie/Show 623,Director 1,Actor 3,united kingdom,,2005,TV-MA,100 min,Horror Movies,Description 623
s624,Movie,Movie/Show 624,Director 1,Actor 3,united states,05-03-2018,2000,R,100 min,Horror Movies,Description 624
s625,Movie,Movie/Show 625,Director 2,Actor 6,unknown,15-07-2020,2001,TV-14,95 min,Documentaries,Description 625
s626,Movie,Movie/Show 626,Director 3,Actor 5,united states,31-12-2020,2021,TV-MA,100 min,Dramas,Description 626
s627,Movie,Movie/Show 627,Director 2,Actor 3,unknown,15-07-2020,2011,TV-14,120 min,Documentaries,Description 627
s628,Movie,Movie/Show 628,Director 2,Actor 5,india,15-07-2020,2010,PG-13,2 Seasons,Action & Adventure,Description 628
s629,TV Show,Movie/Show 629,Director 3,Actor 3,united kingdom,31-12-2020,2015,R,95 min,Horror Movies,Description 629
s631,Movie,Movie/Show 631,Director 3,"Actor 1, Actor 2",unknown,05-03-2018,2017,R,100 min,Documentaries,Description 631
s632,TV Show,Movie/Show 632,Director 1,Actor 6,unknown,31-12-2020,2008,PG-13,90 min,Documentaries,Description 632
s633,TV Show,Movie/Show 633,Director 1,,united states,,2017,Not Rated,90 min,Dramas,Description 633
s636,Movie,Movie/Show 636,Director 2,Actor 3,india,,2022,TV-MA,95 min,Action & Adventure,Description 636
s639,TV Show,Movie/Show 639,,,canada,05-03-2018,2018,PG-13,95 min,Comedies,Description 639
s640,TV Show,Movie/Show 640,Director 2,"Actor 1, Actor 2",united kingdom,05-03-2018,2019,TV-MA,90 min,Documentaries,Description 640
s641,TV Show,Movie/Show 641,,Actor 6,canada,05-03-2018,2014,TV-14,2 Seasons,Horror Movies,Description 641
s642,Movie,Movie/Show 642,,,canada,,2020,Not Rated,2 Seasons,Horror Movies,Description 642
s643,Movie,Movie/Show 643,Director 3,"Actor 1, Actor 2",united kingdom,15-07-2020,2020,TV-MA,100 min,Dramas,Description 643
s646,Movie,Movie/Show 646,Director 1,Actor 6,united states,05-03-2018,2016,PG-13,100 min,Documentaries,Description 646
s647,Movie,Movie/Show 647,Director 4,Actor 6,india,,2020,PG-13,2 Seasons,Dramas,Description 647
s648,TV Show,Movie/Show 648,Director 1,Actor 3,india,,2020,R,95 min,Documentaries,Description 648
s649,Movie,Movie/Show 649,Director 4,,unknown,15-07-2020,2017,TV-14,2 Seasons,Action & Adventure,Description 649
s650,Movie,Movie/Show 650,Director 1,Actor 3,united states,09-09-2019,2009,Not Rated,120 min,Comedies,Description 650
s653,TV Show,Movie/Show 653,Director 4,,india,31-12-2020,2017,PG-13,120 min,Comedies,Description 653
s654,Movie,Movie/Show 654,,Actor 5,united kingdom,,2007,TV-MA,90 min,Horror Movies,Description 654
s656,Movie,Movie/Show 656,Director 4,,canada,31-12-2020,2014,PG-13,2 Seasons,Action & Adventure,Description 656
s657,Movie,Movie/Show 657,Director 3,Actor 5,united kingdom,,2009,PG-13,90 min,Horror Movies,Description 657
s658,TV Show,Movie/Show 658,Director 1,,united states,15-07-2020,2011,TV-MA,100 min,Dramas,Description 658
s659,Movie,Movie/Show 659,Director 4,,unknown,31-12-2020,2013,TV-14,90 min,Horror Movies,Description 659
s660,TV Show,Movie/Show 660,Director 1,Actor 5,canada,09-09-2019,2008,TV-14,120 min,Dramas,Description 660
s665,TV Show,Movie/Show 665,Director 3,Actor 3,canada,05-03-2018,2016,TV-MA,90 min,Documentaries,Description 665
s666,TV Show,Movie/Show 666,Director 1,Actor 6,united states,09-09-2019,2004,Not Rated,100 min,Documentaries,Description 666
s670,TV Show,Movie/Show 670,Director 4,,unknown,05-03-2018,2017,TV-MA,2 Seasons,Action & Adventure,Description 670
s672,TV Show,Movie/Show 672,Director 4,Actor 3,india,15-07-2020,2022,Not Rated,95 min,Action & Adventure,Description 672
s673,Movie,Movie/Show 673,,Actor 6,canada,05-03-2018,2015,R,100 min,Horror Movies,Description 673
s675,TV Show,Movie/Show 675,Director 4,Actor 6,united states,15-07-2020,2009,Not Rated,90 min,Horror Movies,Description 675
s676,TV Show,Movie/Show 676,Director 3,"Actor 1, Actor 2",india,05-03-2018,2000,R,90 min,Dramas,Description 676
s677,TV Show,Movie/Show 677,Director 3,Actor 5,canada,,2013,PG-13,2 Seasons,Dramas,Description 677
s678,Movie,Movie/Show 678,Director 2,Actor 6,united kingdom,09-09-2019,2009,R,120 min,Documentaries,Description 678
s680,TV Show,Movie/Show 680,Director 2,Actor 5,united states,31-12-2020,2007,PG-13,2 Seasons,Comedies,Description 680
s682,TV Show,Movie/Show 682,,Actor 6,canada,,2017,R,95 min,Dramas,Description 682
s684,Movie,Movie/Show 684,,Actor 5,united states,05-03-2018,2006,R,100 min,Documentaries,Description 684
s685,TV Show,Movie/Show 685,,Actor 6,united kingdom,,2013,TV-14,2 Seasons,Action & Adventure,Description 685
s686,TV Show,Movie/Show 686,Director 2,Actor 3,united kingdom,31-12-2020,2017,TV-MA,2 Seasons,Action & Adventure,Description 686
s687,Movie,Movie/Show 687,Director 3,,unknown,05-03-2018,2013,R,2 Seasons,Horror Movies,Description 687
s689,TV Show,Movie/Show 689,Director 2,Actor 3,india,15-07-2020,2007,PG-13,100 min,Documentaries,Description 689
s690,Movie,Movie/Show 690,Director 2,Actor 3,united states,09-09-2019,2005,R,120 min,Horror Movies,Description 690
s691,TV Show,Movie/Show 691,Director 1,Actor 5,united kingdom,31-12-2020,2022,TV-MA,95 min,Action & Adventure,Description 691
s692,TV Show,Movie/Show 692,Director 2,Actor 3,united states,31-12-2020,2020,TV-MA,120 min,Action & Adventure,Description 692
s693,TV Show,Movie/Show 693,Director 3,Actor 6,india,31-12-2020,2012,Not Rated,100 min,Comedies,Description 693
s695,Movie,Movie/Show 695,Director 2,,united states,,2007,Not Rated,100 min,Comedies,Description 695
s696,Movie,Movie/Show 696,,Actor 6,united states,09-09-2019,2008,TV-MA,90 min,Dramas,Description 696
s697,Movie,Movie/Show 697,Director 2,Actor 6,india,09-09-2019,2002,PG-13,100 min,Horror Movies,Description 697
s698,Movie,Movie/Show 698,Director 1,,india,15-07-2020,2013,Not Rated,100 min,Action & Adventure,Description 698
s699,TV Show,Movie/Show 699,Director 2,,india,05-03-2018,2020,R,100 min,Dramas,Description 699
s701,Movie,Movie/Show 701,Director 4,Actor 6,canada,31-12-2020,2016,R,120 min,Horror Movies,Description 701
s703,Movie,Movie/Show 703,,Actor 5,unknown,15-07-2020,2022,PG-13,90 min,Dramas,Description 703
s704,Movie,Movie/Show 704,Director 4,Actor 3,unknown,,2021,R,95 min,Documentaries,Description 704
s705,TV Show,Movie/Show 705,,Actor 5,canada,,2008,Not Rated,120 min,Dramas,Description 705
s706,TV Show,Movie/Show 706,,"Actor 1, Actor 2",united states,,2009,PG-13,120 min,Dramas,Description 706
s707,TV Show,Movie/Show 707,Director 3,Actor 6,united states,05-03-2018,2020,PG-13,120 min,Comedies,Description 707
s709,TV Show,Movie/Show 709,Director 2,"Actor 1, Actor 2",india,15-07-2020,2008,R,95 min,Documentaries,Description 709
s710,TV Show,Movie/Show 710,Director 4,,united kingdom,31-12-2020,2013,Not Rated,120 min,Documentaries,Description 710
s711,Movie,Movie/Show 711,Director 1,Actor 3,india,05-03-2018,2006,R,120 min,Horror Movies,Description 711
s712,Movie,Movie/Show 712,Director 4,"Actor 1, Actor 2",united states,09-09-2019,2002,Not Rated,95 min,Documentaries,Description 712
s713,TV Show,Movie/Show 713,Director 4,Actor 5,canada,05-03-2018,2005,TV-14,2 Seasons,Action & Adventure,Description 713
s714,TV Show,Movie/Show 714,Director 3,Actor 6,united states,05-03-2018,2004,TV-MA,2 Seasons,Horror Movies,Description 714
s717,Movie,Movie/Show 717,Director 1,"Actor 1, Actor 2",united states,31-12-2020,2020,TV-14,95 min,Documentaries,Description 717
s719,TV Show,Movie/Show 719,,Actor 3,unknown,31-12-2020,2019,TV-MA,120 min,Dramas,Description 719
s720,TV Show,Movie/Show 720,Director 1,,united kingdom,15-07-2020,2014,TV-14,2 Seasons,Comedies,Description 720
s721,Movie,Movie/Show 721,Director 3,,united kingdom,,2008,TV-MA,100 min,Comedies,Description 721
s722,TV Show,Movie/Show 722,Director 4,Actor 3,united kingdom,15-07-2020,2022,TV-MA,90 min,Dramas,Description 722
s723,TV Show,Movie/Show 723,Director 4,Actor 6,united states,05-03-2018,2019,TV-14,2 Seasons,Comedies,Description 723
s724,TV Show,Movie/Show 724,Director 1,Actor 3,united kingdom,05-03-2018,2015,TV-14,120 min,Dramas,Description 724
s725,TV Show,Movie/Show 725,Director 1,Actor 5,united kingdom,,2006,PG-13,90 min,Dramas,Description 725
s731,Movie,Movie/Show 731,,Actor 6,canada,09-09-2019,2000,R,2 Seasons,Comedies,Description 731
s732,TV Show,Movie/Show 732,,Actor 3,united kingdom,05-03-2018,2005,R,120 min,Documentaries,Description 732
s733,Movie,Movie/Show 733,Director 4,,india,15-07-2020,2003,PG-13,2 Seasons,Horror Movies,Description 733
s734,TV Show,Movie/Show 734,Director 4,Actor 3,united states,,2009,Not Rated,95 min,Comedies,Description 734
s735,TV Show,Movie/Show 735,,Actor 6,unknown,09-09-2019,2008,TV-MA,95 min,Dramas,Description 735
s736,TV Show,Movie/Show 736,,Actor 3,unknown,,2004,TV-14,95 min,Action & Adventure,Description 736
s737,Movie,Movie/Show 737,Director 1,,unknown,15-07-2020,2022,Not Rated,120 min,Documentaries,Description 737
s738,TV Show,Movie/Show 738,Director 4,Actor 5,india,31-12-2020,2014,PG-13,100 min,Comedies,Description 738
s739,TV Show,Movie/Show 739,,Actor 5,canada,,2000,TV-MA,2 Seasons,Documentaries,Description 739
s742,TV Show,Movie/Show 742,,,unknown,09-09-2019,2004,TV-14,100 min,Dramas,Description 742
s744,Movie,Movie/Show 744,,Actor 5,united states,,2015,TV-14,100 min,Comedies,Description 744
s745,TV Show,Movie/Show 745,Director 2,Actor 5,united states,05-03-2018,2006,TV-14,120 min,Documentaries,Description 745
s746,Movie,Movie/Show 746,Director 1,Actor 5,canada,05-03-2018,2010,PG-13,2 Seasons,Documentaries,Description 746
s749,Movie,Movie/Show 749,Director 3,Actor 6,united kingdom,,2015,Not Rated,90 min,Documentaries,Description 749
s750,TV Show,Movie/Show 750,Director 1,"Actor 1, Actor 2",india,05-03-2018,2011,R,90 min,Horror Movies,Description 750
s754,Movie,Movie/Show 754,Director 2,Actor 5,united states,31-12-2020,2010,R,120 min,Horror Movies,Description 754
s755,Movie,Movie/Show 755,Director 4,Actor 5,united kingdom,09-09-2019,2002,R,90 min,Documentaries,Description 755
s757,TV Show,Movie/Show 757,,"Actor 1, Actor 2",united kingdom,05-03-2018,2001,TV-14,120 min,Action & Adventure,Description 757
s758,Movie,Movie/Show 758,,,unknown,05-03-2018,2008,TV-MA,95 min,Dramas,Description 758
s759,TV Show,Movie/Show 759,,Actor 3,united kingdom,15-07-2020,2012,TV-MA,120 min,Dramas,Description 759
s760,Movie,Movie/Show 760,Director 2,Actor 3,canada,15-07-2020,2002,TV-14,95 min,Documentaries,Description 760
s761,Movie,Movie/Show 761,Director 3,"Actor 1, Actor 2",unknown,15-07-2020,2017,TV-MA,90 min,Documentaries,Description 761
s762,TV Show,Movie/Show 762,Director 3,Actor 5,unknown,15-07-2020,2015,R,90 min,Documentaries,Description 762
s763,TV Show,Movie/Show 763,Director 3,,canada,05-03-2018,2005,TV-14,100 min,Horror Movies,Description 763
s764,TV Show,Movie/Show 764,Director 4,,united kingdom,,2006,TV-14,120 min,Horror Movies,Description 764
s765,Movie,Movie/Show 765,Director 4,,canada,,2008,PG-13,90 min,Horror Movies,Description 765
s766,TV Show,Movie/Show 766,Director 3,Actor 6,india,31-12-2020,2012,R,2 Seasons,Action & Adventure,Description 766
s767,TV Show,Movie/Show 767,,Actor 5,united states,,2000,R,100 min,Dramas,Description 767
s768,TV Show,Movie/Show 768,Director 1,Actor 3,canada,09-09-2019,2003,Not Rated,2 Seasons,Documentaries,Description 768
s769,TV Show,Movie/Show 769,Director 3,Actor 3,unknown,09-09-2019,2022,Not Rated,120 min,Documentaries,Description 769
s770,TV Show,Movie/Show 770,Director 1,Actor 5,india,15-07-2020,2007,PG-13,2 Seasons,Documentaries,Description 770
s771,TV Show,Movie/Show 771,Director 3,Actor 3,united states,31-12-2020,2012,Not Rated,120 min,Horror Movies,Description 771
s772,TV Show,Movie/Show 772,Director 1,Actor 6,canada,05-03-2018,2014,TV-MA,100 min,Horror Movies,Description 772
s773,Movie,Movie/Show 773,,,united states,,2007,TV-14,120 min,Horror Movies,Description 773
s774,TV Show,Movie/Show 774,Director 4,Actor 3,united kingdom,,2001,TV-MA,90 min,Documentaries,Description 774
s775,Movie,Movie/Show 775,Director 3,Actor 6,unknown,05-03-2018,2006,R,100 min,Comedies,Description 775
s778,Movie,Movie/Show 778,Director 2,Actor 5,india,31-12-2020,2016,R,90 min,Dramas,Description 778
s779,TV Show,Movie/Show 779,Director 3,Actor 6,india,09-09-2019,2021,Not Rated,100 min,Documentaries,Description 779
s780,Movie,Movie/Show 780,Director 1,Actor 6,united states,31-12-2020,2006,TV-14,95 min,Horror Movies,Description 780
s782,Movie,Movie/Show 782,Director 2,Actor 3,india,,2012,Not Rated,90 min,Horror Movies,Description 782
s784,Movie,Movie/Show 784,Director 3,Actor 3,unknown,09-09-2019,2009,PG-13,100 min,Action & Adventure,Description 784
s785,Movie,Movie/Show 785,Director 4,Actor 3,united states,,2010,Not Rated,120 min,Documentaries,Description 785
s786,Movie,Movie/Show 786,Director 2,,india,15-07-2020,2005,PG-13,95 min,Documentaries,Description 786
s787,Movie,Movie/Show 787,,Actor 6,unknown,,2020,Not Rated,100 min,Dramas,Description 787
s788,Movie,Movie/Show 788,Director 1,Actor 3,united kingdom,,2001,PG-13,95 min,Documentaries,Description 788
s790,Movie,Movie/Show 790,,"Actor 1, Actor 2",india,31-12-2020,2016,TV-14,100 min,Action & Adventure,Description 790
s791,Movie,Movie/Show 791,Director 4,,india,09-09-2019,2003,TV-MA,100 min,Documentaries,Description 791
s792,Movie,Movie/Show 792,Director 3,"Actor 1, Actor 2",india,15-07-2020,2008,R,120 min,Documentaries,Description 792
s793,TV Show,Movie/Show 793,Director 2,"Actor 1, Actor 2",unknown,05-03-2018,2015,PG-13,100 min,Dramas,Description 793
s795,Movie,Movie/Show 795,Director 1,"Actor 1, Actor 2",canada,,2009,TV-14,100 min,Action & Adventure,Description 795
s797,Movie,Movie/Show 797,,Actor 3,united states,09-09-2019,2011,Not Rated,2 Seasons,Documentaries,Description 797
s798,TV Show,Movie/Show 798,Director 3,Actor 3,canada,05-03-2018,2001,R,90 min,Action & Adventure,Description 798
s800,TV Show,Movie/Show 800,Director 3,Actor 3,unknown,,2006,PG-13,95 min,Comedies,Description 800
s801,TV Show,Movie/Show 801,Director 3,"Actor 1, Actor 2",india,09-09-2019,2003,PG-13,95 min,Horror Movies,Description 801
s802,Movie,Movie/Show 802,Director 2,Actor 3,unknown,09-09-2019,2007,TV-MA,90 min,Comedies,Description 802
s807,Movie,Movie/Show 807,Director 2,,india,05-03-2018,2005,Not Rated,100 min,Comedies,Description 807
s808,Movie,Movie/Show 808,Director 2,,united kingdom,,2008,TV-14,100 min,Action & Adventure,Description 808
s809,TV Show,Movie/Show 809,Director 2,Actor 6,united states,31-12-2020,2018,R,100 min,Documentaries,Description 809
s810,Movie,Movie/Show 810,Director 1,Actor 6,united states,09-09-2019,2003,Not Rated,100 min,Documentaries,Description 810
s812,Movie,Movie/Show 812,Director 1,"Actor 1, Actor 2",india,09-09-2019,2007,TV-14,2 Seasons,Documentaries,Description 812
s813,TV Show,Movie/Show 813,,,unknown,31-12-2020,2000,PG-13,2 Seasons,Comedies,Description 813
s816,TV Show,Movie/Show 816,Director 1,"Actor 1, Actor 2",unknown,09-09-2019,2022,TV-MA,90 min,Action & Adventure,Description 816
s817,TV Show,Movie/Show 817,Director 3,"Actor 1, Actor 2",united kingdom,09-09-2019,2015,Not Rated,95 min,Dramas,Description 817
s819,Movie,Movie/Show 819,Director 2,Actor 5,canada,05-03-2018,2019,Not Rated,100 min,Comedies,Description 819
s820,Movie,Movie/Show 820,,,unknown,15-07-2020,2004,TV-14,100 min,Comedies,Description 820
s824,Movie,Movie/Show 824,Director 2,Actor 6,india,05-03-2018,2005,TV-MA,95 min,Documentaries,Description 824
s825,Movie,Movie/Show 825,,Actor 3,canada,15-07-2020,2015,PG-13,90 min,Dramas,Description 825
s827,TV Show,Movie/Show 827,Director 4,"Actor 1, Actor 2",united states,31-12-2020,2021,Not Rated,95 min,Documentaries,Description 827
s830,Movie,Movie/Show 830,Director 3,Actor 3,india,31-12-2020,2020,PG-13,95 min,Comedies,Description 830
s832,Movie,Movie/Show 832,Director 4,,unknown,09-09-2019,2001,Not Rated,2 Seasons,Dramas,Description 832
s833,TV Show,Movie/Show 833,,,canada,31-12-2020,2011,R,2 Seasons,Dramas,Description 833
s835,TV Show,Movie/Show 835,Director 4,Actor 5,canada,,2004,Not Rated,2 Seasons,Action & Adventure,Description 835
s837,TV Show,Movie/Show 837,,Actor 6,unknown,,2017,TV-14,120 min,Comedies,Description 837
s838,Movie,Movie/Show 838,Director 2,"Actor 1, Actor 2",united states,09-09-2019,2003,PG-13,120 min,Comedies,Description 838
s841,TV Show,Movie/Show 841,Director 2,Actor 6,canada,09-09-2019,2007,R,95 min,Dramas,Description 841
s842,Movie,Movie/Show 842,Director 3,,india,15-07-2020,2010,Not Rated,90 min,Action & Adventure,Description 842
s843,TV Show,Movie/Show 843,,Actor 3,india,,2017,R,120 min,Documentaries,Description 843
s844,TV Show,Movie/Show 844,Director 4,Actor 3,united kingdom,09-09-2019,2020,TV-14,100 min,Dramas,Description 844
s845,Movie,Movie/Show 845,Director 4,Actor 5,united kingdom,15-07-2020,2011,R,100 min,Horror Movies,Description 845
s846,TV Show,Movie/Show 846,Director 3,"Actor 1, Actor 2",canada,15-07-2020,2014,TV-MA,100 min,Comedies,Description 846
s847,TV Show,Movie/Show 847,Director 4,"Actor 1, Actor 2",india,,2006,Not Rated,95 min,Dramas,Description 847
s849,TV Show,Movie/Show 849,,Actor 6,unknown,15-07-2020,2022,Not Rated,2 Seasons,Comedies,Description 849
s851,Movie,Movie/Show 851,Director 2,Actor 6,india,31-12-2020,2011,TV-14,100 min,Action & Adventure,Description 851
s852,TV Show,Movie/Show 852,Director 2,,unknown,31-12-2020,2004,PG-13,95 min,Action & Adventure,Description 852
s853,Movie,Movie/Show 853,,Actor 6,india,09-09-2019,2008,R,100 min,Action & Adventure,Description 853
s857,TV Show,Movie/Show 857,Director 4,"Actor 1, Actor 2",india,05-03-2018,2014,TV-MA,95 min,Comedies,Description 857
s860,TV Show,Movie/Show 860,Director 1,Actor 5,unknown,,2017,R,100 min,Dramas,Description 860
s861,TV Show,Movie/Show 861,,,united kingdom,15-07-2020,2022,TV-MA,95 min,Dramas,Description 861
s862,TV Show,Movie/Show 862,Director 1,"Actor 1, Actor 2",unknown,05-03-2018,2015,R,95 min,Documentaries,Description 862
s865,TV Show,Movie/Show 865,Director 2,Actor 3,unknown,09-09-2019,2005,TV-14,120 min,Dramas,Description 865
s866,TV Show,Movie/Show 866,Director 3,Actor 3,canada,,2017,Not Rated,90 min,Horror Movies,Description 866
s867,Movie,Movie/Show 867,Director 4,,unknown,,2011,TV-14,90 min,Horror Movies,Description 867
s868,Movie,Movie/Show 868,,Actor 6,india,05-03-2018,2010,R,90 min,Dramas,Description 868
s869,TV Show,Movie/Show 869,Director 2,Actor 5,unknown,09-09-2019,2014,TV-14,120 min,Horror Movies,Description 869
s870,TV Show,Movie/Show 870,Director 4,"Actor 1, Actor 2",united states,09-09-2019,2008,TV-14,120 min,Dramas,Description 870
s871,Movie,Movie/Show 871,Director 1,"Actor 1, Actor 2",united kingdom,09-09-2019,2019,TV-14,90 min,Horror Movies,Description 871
s872,TV Show,Movie/Show 872,Director 2,Actor 5,india,,2017,TV-14,95 min,Dramas,Description 872
s876,TV Show,Movie/Show 876,Director 4,Actor 3,canada,,2004,TV-14,2 Seasons,Action & Adventure,Description 876
s877,TV Show,Movie/Show 877,Director 1,Actor 5,canada,09-09-2019,2014,PG-13,90 min,Comedies,Description 877
s878,Movie,Movie/Show 878,Director 4,"Actor 1, Actor 2",india,15-07-2020,2009,PG-13,120 min,Action & Adventure,Description 878
s879,TV Show,Movie/Show 879,,Actor 3,united states,05-03-2018,2008,Not Rated,90 min,Documentaries,Description 879
s880,TV Show,Movie/Show 880,Director 3,,canada,15-07-2020,2017,TV-14,100 min,Horror Movies,Description 880
s881,Movie,Movie/Show 881,Director 2,Actor 3,united kingdom,05-03-2018,2011,R,90 min,Documentaries,Description 881
s882,TV Show,Movie/Show 882,Director 4,Actor 6,united states,31-12-2020,2014,TV-14,90 min,Dramas,Description 882
s883,Movie,Movie/Show 883,Director 1,"Actor 1, Actor 2",canada,,2000,PG-13,100 min,Comedies,Description 883
s884,TV Show,Movie/Show 884,Director 3,Actor 5,india,05-03-2018,2020,R,90 min,Action & Adventure,Description 884
s885,TV Show,Movie/Show 885,Director 2,Actor 3,india,05-03-2018,2016,PG-13,90 min,Action & Adventure,Description 885
s886,TV Show,Movie/Show 886,Director 1,,united states,05-03-2018,2012,PG-13,90 min,Comedies,Description 886
s887,TV Show,Movie/Show 887,Director 3,Actor 3,canada,05-03-2018,2005,TV-MA,2 Seasons,Dramas,Description 887
s890,TV Show,Movie/Show 890,Director 2,,united states,05-03-2018,2011,PG-13,95 min,Documentaries,Description 890
s892,Movie,Movie/Show 892,Director 1,Actor 6,united kingdom,05-03-2018,2007,TV-14,100 min,Comedies,Description 892
s894,Movie,Movie/Show 894,Director 4,"Actor 1, Actor 2",united kingdom,09-09-2019,2002,TV-MA,90 min,Action & Adventure,Description 894
s895,Movie,Movie/Show 895,Director 2,,india,,2021,PG-13,95 min,Action & Adventure,Description 895
s896,Movie,Movie/Show 896,Director 4,Actor 5,united kingdom,31-12-2020,2017,TV-14,100 min,Horror Movies,Description 896
s898,TV Show,Movie/Show 898,,"Actor 1, Actor 2",united kingdom,09-09-2019,2006,Not Rated,100 min,Dramas,Description 898
s899,TV Show,Movie/Show 899,Director 1,Actor 6,canada,15-07-2020,2016,TV-14,100 min,Action & Adventure,Description 899
s901,Movie,Movie/Show 901,Director 1,"Actor 1, Actor 2",united kingdom,15-07-2020,2015,PG-13,2 Seasons,Documentaries,Description 901
s903,TV Show,Movie/Show 903,Director 2,,united kingdom,05-03-2018,2004,Not Rated,95 min,Comedies,Description 903
s906,TV Show,Movie/Show 906,,Actor 6,india,15-07-2020,2010,TV-14,90 min,Documentaries,Description 906
s907,TV Show,Movie/Show 907,,Actor 5,united kingdom,15-07-2020,2013,TV-14,90 min,Comedies,Description 907
s908,Movie,Movie/Show 908,Director 4,"Actor 1, Actor 2",united states,05-03-2018,2020,R,2 Seasons,Comedies,Description 908
s909,Movie,Movie/Show 909,Director 1,Actor 5,united states,05-03-2018,2010,PG-13,90 min,Documentaries,Description 909
s910,TV Show,Movie/Show 910,Director 3,Actor 6,canada,09-09-2019,2003,PG-13,2 Seasons,Documentaries,Description 910
s911,Movie,Movie/Show 911,Director 2,Actor 6,united states,15-07-2020,2003,TV-14,95 min,Documentaries,Description 911
s912,TV Show,Movie/Show 912,Director 3,Actor 3,canada,,2016,Not Rated,95 min,Documentaries,Description 912
s914,Movie,Movie/Show 914,Director 1,,united states,05-03-2018,2002,Not Rated,95 min,Action & Adventure,Description 914
s915,TV Show,Movie/Show 915,Director 2,Actor 6,united states,15-07-2020,2001,TV-14,2 Seasons,Dramas,Description 915
s918,TV Show,Movie/Show 918,Director 4,,united kingdom,15-07-2020,2001,R,95 min,Dramas,Description 918
s919,TV Show,Movie/Show 919,Director 1,Actor 6,india,,2006,TV-14,2 Seasons,Horror Movies,Description 919
s922,TV Show,Movie/Show 922,,Actor 5,united states,05-03-2018,2006,R,2 Seasons,Action & Adventure,Description 922
s923,TV Show,Movie/Show 923,,Actor 3,canada,,2003,TV-MA,95 min,Action & Adventure,Description 923
s926,TV Show,Movie/Show 926,,Actor 5,united kingdom,15-07-2020,2020,TV-14,95 min,Documentaries,Description 926
s927,TV Show,Movie/Show 927,Director 2,Actor 3,united states,31-12-2020,2012,R,100 min,Dramas,Description 927
s929,TV Show,Movie/Show 929,Director 3,Actor 3,india,09-09-2019,2015,Not Rated,120 min,Dramas,Description 929
s930,TV Show,Movie/Show 930,Director 4,Actor 6,unknown,15-07-2020,2016,TV-14,95 min,Comedies,Description 930
s931,TV Show,Movie/Show 931,Director 1,Actor 5,united kingdom,05-03-2018,2019,TV-MA,2 Seasons,Horror Movies,Description 931
s932,TV Show,Movie/Show 932,,Actor 5,india,05-03-2018,2022,PG-13,95 min,Dramas,Description 932
s933,Movie,Movie/Show 933,Director 3,"Actor 1, Actor 2",united states,31-12-2020,2018,Not Rated,120 min,Horror Movies,Description 933
s934,Movie,Movie/Show 934,Director 2,"Actor 1, Actor 2",united states,15-07-2020,2008,R,90 min,Action & Adventure,Description 934
s936,Movie,Movie/Show 936,Director 4,Actor 5,india,05-03-2018,2011,Not Rated,90 min,Documentaries,Description 936
s937,TV Show,Movie/Show 937,Director 2,Actor 6,india,15-07-2020,2007,TV-MA,120 min,Horror Movies,Description 937
s938,Movie,Movie/Show 938,Director 1,Actor 5,united kingdom,31-12-2020,2019,Not Rated,90 min,Action & Adventure,Description 938
s942,Movie,Movie/Show 942,,"Actor 1, Actor 2",canada,15-07-2020,2006,TV-14,100 min,Action & Adventure,Description 942
s943,Movie,Movie/Show 943,,Actor 3,canada,31-12-2020,2020,TV-MA,100 min,Horror Movies,Description 943
s944,Movie,Movie/Show 944,,Actor 6,india,,2015,Not Rated,2 Seasons,Horror Movies,Description 944
s946,TV Show,Movie/Show 946,,,united states,05-03-2018,2014,R,90 min,Documentaries,Description 946
s947,TV Show,Movie/Show 947,Director 1,,united kingdom,,2020,Not Rated,100 min,Documentaries,Description 947
s952,TV Show,Movie/Show 952,Director 3,"Actor 1, Actor 2",united states,05-03-2018,2011,TV-14,120 min,Documentaries,Description 952
s953,Movie,Movie/Show 953,Director 3,Actor 5,canada,15-07-2020,2022,TV-14,2 Seasons,Action & Adventure,Description 953
s954,Movie,Movie/Show 954,Director 1,,united states,09-09-2019,2001,Not Rated,100 min,Documentaries,Description 954
s955,TV Show,Movie/Show 955,Director 3,"Actor 1, Actor 2",united kingdom,09-09-2019,2019,TV-14,120 min,Comedies,Description 955
s956,Movie,Movie/Show 956,Director 1,,united states,09-09-2019,2008,Not Rated,95 min,Action & Adventure,Description 956
s957,TV Show,Movie/Show 957,Director 3,,canada,,2016,R,2 Seasons,Dramas,Description 957
s958,Movie,Movie/Show 958,Director 2,Actor 5,unknown,09-09-2019,2001,TV-14,120 min,Dramas,Description 958
s959,TV Show,Movie/Show 959,Director 1,Actor 6,united kingdom,,2002,R,100 min,Horror Movies,Description 959
s960,Movie,Movie/Show 960,,"Actor 1, Actor 2",india,,2009,R,120 min,Action & Adventure,Description 960
s963,Movie,Movie/Show 963,Director 1,Actor 6,india,05-03-2018,2016,TV-MA,120 min,Horror Movies,Description 963
s964,TV Show,Movie/Show 964,Director 3,"Actor 1, Actor 2",india,09-09-2019,2003,Not Rated,100 min,Horror Movies,Description 964
s965,Movie,Movie/Show 965,,,canada,,2003,R,95 min,Action & Adventure,Description 965
s966,Movie,Movie/Show 966,Director 3,Actor 3,united states,15-07-2020,2007,Not Rated,90 min,Comedies,Description 966
s968,TV Show,Movie/Show 968,Director 4,,united states,,2012,TV-MA,90 min,Horror Movies,Description 968
s970,Movie,Movie/Show 970,Director 2,Actor 6,united kingdom,05-03-2018,2006,Not Rated,120 min,Action & Adventure,Description 970
s972,TV Show,Movie/Show 972,Director 1,Actor 3,united kingdom,31-12-2020,2021,Not Rated,90 min,Action & Adventure,Description 972
s973,Movie,Movie/Show 973,Director 4,Actor 5,canada,05-03-2018,2007,TV-MA,90 min,Comedies,Description 973
s974,Movie,Movie/Show 974,Director 1,Actor 5,united states,,2018,R,95 min,Dramas,Description 974
s976,TV Show,Movie/Show 976,Director 2,Actor 6,united kingdom,05-03-2018,2005,TV-MA,120 min,Horror Movies,Description 976
s977,TV Show,Movie/Show 977,Director 1,Actor 3,india,31-12-2020,2017,R,2 Seasons,Horror Movies,Description 977
s978,TV Show,Movie/Show 978,Director 2,"Actor 1, Actor 2",canada,,2017,TV-14,90 min,Action & Adventure,Description 978
s979,TV Show,Movie/Show 979,Director 1,Actor 3,united kingdom,,2013,TV-MA,95 min,Comedies,Description 979
s980,TV Show,Movie/Show 980,Director 3,Actor 6,canada,09-09-2019,2003,PG-13,90 min,Action & Adventure,Description 980
s981,Movie,Movie/Show 981,Director 3,Actor 5,india,31-12-2020,2020,Not Rated,100 min,Documentaries,Description 981
s982,Movie,Movie/Show 982,,Actor 6,united kingdom,15-07-2020,2018,TV-MA,95 min,Horror Movies,Description 982
s983,TV Show,Movie/Show 983,Director 4,Actor 5,united states,,2011,R,100 min,Dramas,Description 983
s984,TV Show,Movie/Show 984,,Actor 6,canada,09-09-2019,2021,R,95 min,Dramas,Description 984
s985,Movie,Movie/Show 985,Director 4,"Actor 1, Actor 2",united kingdom,05-03-2018,2014,PG-13,2 Seasons,Action & Adventure,Description 985
s986,Movie,Movie/Show 986,Director 3,Actor 5,united kingdom,,2022,Not Rated,120 min,Action & Adventure,Description 986
s987,TV Show,Movie/Show 987,Director 1,Actor 5,canada,05-03-2018,2021,R,90 min,Horror Movies,Description 987
s988,TV Show,Movie/Show 988,Director 2,Actor 3,india,,2013,R,95 min,Action & Adventure,Description 988
s989,Movie,Movie/Show 989,Director 3,Actor 6,canada,05-03-2018,2003,R,120 min,Dramas,Description 989
s993,Movie,Movie/Show 993,Director 3,Actor 6,united states,,2012,PG-13,2 Seasons,Action & Adventure,Description 993
s994,Movie,Movie/Show 994,Director 1,"Actor 1, Actor 2",united states,,2016,Not Rated,100 min,Horror Movies,Description 994
s995,Movie,Movie/Show 995,Director 3,Actor 3,canada,05-03-2018,2010,PG-13,120 min,Dramas,Description 995
s997,TV Show,Movie/Show 997,Director 4,"Actor 1, Actor 2",united kingdom,15-07-2020,2005,R,120 min,Action & Adventure,Description 997
s998,Movie,Movie/Show 998,Director 4,Actor 6,unknown,09-09-2019,2017,PG-13,2 Seasons,Comedies,Description 998
s999,Movie,Movie/Show 999,Director 4,Actor 5,india,05-03-2018,2019,R,120 min,Horror Movies,Description 999
s1000,Movie,Movie/Show 1000,Director 3,,unknown,31-12-2020,2014,PG-13,120 min,Horror Movies,Description 1000
